"Type","Block","Num","Pvalue","Enrichment","ET_B_occurence","ET_P_occurence","median","ET_B_median","ET_P_median","FDR"
"Acidaminococcus_intestini","Before ET_B_vs_ET_P","ET_B28_vs_ET_P13",0.113121361174897,"ET_P",0.8571,0.9231,7.32129739967867e-07,"6.40747393972975e-07","2.62070576680889e-06",0.37708621489765
"Desulfovibrio_piger","Before ET_B_vs_ET_P","ET_B28_vs_ET_P13",0.445996626203043,"ET_B",1,1,7.73591701615419e-07,"8.07485113232509e-07","3.7948903004501e-07",0.79128433681185
"Klebsiella_pneumoniae","Before ET_B_vs_ET_P","ET_B28_vs_ET_P13",0.663826714949053,"ET_B",0.8929,0.8462,8.58684390751055e-07,"1.03185964750345e-06","7.28146553828649e-07",0.896194218212382
"Mitsuokella_multacida","Before ET_B_vs_ET_P","ET_B28_vs_ET_P13",0.248522085860018,"ET_P",0.9643,1,1.0188291540378e-06,"7.59438063311488e-07","1.02522889831229e-06",0.630863756413892
"Clostridiales_genomosp._BVAB3","Before ET_B_vs_ET_P","ET_B28_vs_ET_P13",0.148441331412417,"ET_P",0.7857,1,1.13686069543539e-06,"3.00123461148862e-07","1.26260243843542e-06",0.466927758047729
"Bifidobacterium_breve","Before ET_B_vs_ET_P","ET_B28_vs_ET_P13",0.771551116478816,"ET_P",1,0.9231,1.13852810551771e-06,"1.03436112165106e-06","2.06175139447713e-06",0.94194783432012
"Mobiluncus_curtisii","Before ET_B_vs_ET_P","ET_B28_vs_ET_P13",0.565720746593244,"ET_P",0.9286,1,1.24067237535295e-06,"1.21074562446281e-06","1.24067237535295e-06",0.865787960246995
"Streptococcus_sanguinis","Before ET_B_vs_ET_P","ET_B28_vs_ET_P13",0.966926844578101,"ET_B",1,1,1.3008181467393e-06,"1.42253018027171e-06","1.3008181467393e-06",0.978790977640409
"Streptococcus_anginosus","Before ET_B_vs_ET_P","ET_B28_vs_ET_P13",0.462791900749742,"ET_B",1,1,1.31682882168764e-06,"1.37025522402621e-06","1.08353217759521e-06",0.80379645919692
"Treponema_vincentii","Before ET_B_vs_ET_P","ET_B28_vs_ET_P13",0.966926844578101,"ET_B",1,1,1.32496658378972e-06,"1.35783525172858e-06","1.31160151237791e-06",0.978790977640409
"Enterobacter_aerogenes","Before ET_B_vs_ET_P","ET_B28_vs_ET_P13",0.966926844578101,"ET_B",0.9643,1,1.34086698598437e-06,"1.38276141403175e-06","1.30351325333243e-06",0.978790977640409
"Haemophilus_pittmaniae","Before ET_B_vs_ET_P","ET_B28_vs_ET_P13",0.126768296833087,"ET_P",0.9286,1,1.35195857126217e-06,"1.07681040930857e-06","4.17018964532249e-06",0.410132725048223
"unclassified_Clostridium_sp._7_2_43FAA","Before ET_B_vs_ET_P","ET_B28_vs_ET_P13",0.217656479454071,"ET_P",0.9643,0.9231,1.35272812979385e-06,"1.15073911352292e-06","3.04765321879529e-06",0.561145611092527
"Streptococcus_mitis","Before ET_B_vs_ET_P","ET_B28_vs_ET_P13",0.771551116478816,"ET_P",1,1,1.40817720355026e-06,"1.34151216555643e-06","1.85649499285857e-06",0.94194783432012
"Granulicatella_adiacens","Before ET_B_vs_ET_P","ET_B28_vs_ET_P13",0.648023767474751,"ET_P",1,1,1.43484520786493e-06,"1.31992075262379e-06","1.50673763778698e-06",0.891032680277783
"Bifidobacterium_dentium","Before ET_B_vs_ET_P","ET_B28_vs_ET_P13",0.623868014495258,"ET_P",0.9286,0.9231,1.4417785486424e-06,"1.37491845618987e-06","3.01103150872862e-06",0.878444544447277
"Campylobacter_hominis","Before ET_B_vs_ET_P","ET_B28_vs_ET_P13",0.165312007307225,"ET_B",0.9286,0.8462,1.45249889966912e-06,"2.09771842868593e-06","4.1232485921118e-07",0.466927758047729
"Aggregatibacter_segnis","Before ET_B_vs_ET_P","ET_B28_vs_ET_P13",0.0849308580408445,"ET_P",1,1,1.49040032936257e-06,"9.30576593607037e-07","2.95978883938263e-06",0.318490717653167
"Bifidobacterium_animalis","Before ET_B_vs_ET_P","ET_B28_vs_ET_P13",0.101720800034036,"ET_B",0.9643,1,1.59061509053533e-06,"2.12322567549278e-06","9.81775888034353e-07",0.364868087078607
"Clostridium_spiroforme","Before ET_B_vs_ET_P","ET_B28_vs_ET_P13",0.00756959035108291,"ET_B",1,1,1.59750156920161e-06,"3.14355052675076e-06","6.80767977251032e-07",0.062449120396434
"Bacteroides_coprosuis","Before ET_B_vs_ET_P","ET_B28_vs_ET_P13",0.977647945560486,"ET_P",0.9643,0.9231,1.69432126749278e-06,"1.64017286691845e-06","1.97822577701049e-06",0.983609213521221
"Eubacterium_saburreum","Before ET_B_vs_ET_P","ET_B28_vs_ET_P13",0.608675172052433,"ET_P",1,1,1.74817388130441e-06,"1.71949565830338e-06","1.74817388130441e-06",0.865787960246995
"Megasphaera_micronuciformis","Before ET_B_vs_ET_P","ET_B28_vs_ET_P13",0.944905346142325,"ET_P",1,1,1.7504012903155e-06,"1.70957263803551e-06","1.93613864751937e-06",0.978790977640409
"unclassified_Streptococcus_sp._oral_taxon_071","Before ET_B_vs_ET_P","ET_B28_vs_ET_P13",0.835734554898376,"ET_P",1,1,1.78244617348092e-06,"1.76871102718149e-06","2.76953303981629e-06",0.94194783432012
"unclassified_Streptococcus_sp._C150","Before ET_B_vs_ET_P","ET_B28_vs_ET_P13",0.648023767474751,"ET_P",1,1,1.87298628112919e-06,"1.56786915242613e-06","2.07391231412339e-06",0.891032680277783
"Streptococcus_pyogenes","Before ET_B_vs_ET_P","ET_B28_vs_ET_P13",0.771551116478816,"ET_B",0.9643,1,1.92839573501845e-06,"2.25532939400678e-06","1.28266953279193e-06",0.94194783432012
"Peptostreptococcus_anaerobius","Before ET_B_vs_ET_P","ET_B28_vs_ET_P13",0.352601567840197,"ET_B",1,1,1.94871676037846e-06,"2.21715238403359e-06","1.28786448642882e-06",0.718262453007809
"Oribacterium_sinus","Before ET_B_vs_ET_P","ET_B28_vs_ET_P13",0.708855486821511,"ET_B",1,1,2.06151746249146e-06,"2.17427386068432e-06","1.76085811851135e-06",0.906675622678677
"Gemella_sanguinis","Before ET_B_vs_ET_P","ET_B28_vs_ET_P13",0.167604691470247,"ET_P",1,1,2.14240130995855e-06,"1.76403711788577e-06","4.15215023027226e-06",0.466927758047729
"unclassified_Fusobacterium","Before ET_B_vs_ET_P","ET_B28_vs_ET_P13",0.0383136722115772,"ET_B",1,1,2.30713082164317e-06,"3.27277493443007e-06","9.66668326236987e-07",0.180621597568864
"Klebsiella_oxytoca","Before ET_B_vs_ET_P","ET_B28_vs_ET_P13",0.879151312032112,"ET_P",1,1,2.41841883057416e-06,"2.09574986143164e-06","5.70216652714793e-06",0.94194783432012
"Porphyromonas_asaccharolytica","Before ET_B_vs_ET_P","ET_B28_vs_ET_P13",0.0356531940704938,"ET_B",1,1,2.51722514498915e-06,"3.02944510632159e-06","1.52439561289017e-06",0.173022853577396
"Ruminococcus_flavefaciens","Before ET_B_vs_ET_P","ET_B28_vs_ET_P13",0.256305586742838,"ET_P",0.8571,1,2.69341219370709e-06,"2.00037062580184e-06","3.49443802600994e-06",0.640763966857095
"Clostridium_perfringens","Before ET_B_vs_ET_P","ET_B28_vs_ET_P13",0.167604691470247,"ET_P",1,1,2.69537545736803e-06,"1.99207912004475e-06","5.09144344894408e-06",0.466927758047729
"Streptococcus_suis","Before ET_B_vs_ET_P","ET_B28_vs_ET_P13",0.429544694436273,"ET_P",1,1,2.80071282576289e-06,"2.67637583461625e-06","4.2391596208458e-06",0.778844775626209
"unclassified_Clostridium_sp._SY8519","Before ET_B_vs_ET_P","ET_B28_vs_ET_P13",0.367268636286432,"ET_P",1,1,2.8697084370726e-06,"2.6198018816542e-06","3.17944450376357e-06",0.730112349244112
"Streptococcus_gallolyticus","Before ET_B_vs_ET_P","ET_B28_vs_ET_P13",0.284785500668511,"ET_B",1,1,2.96438194030258e-06,"3.45423207979872e-06","2.17687445763227e-06",0.671280108718633
"Streptococcus_pneumoniae","Before ET_B_vs_ET_P","ET_B28_vs_ET_P13",0.589397754687143,"ET_P",1,1,3.10890774923846e-06,"2.84193347849308e-06","3.93772387651636e-06",0.865787960246995
"Turicibacter_sanguinis","Before ET_B_vs_ET_P","ET_B28_vs_ET_P13",0.10717446206271,"ET_P",0.9286,1,3.20592495940898e-06,"1.93340179177355e-06","4.86518065016973e-06",0.370749385333539
"Prevotella_bergensis","Before ET_B_vs_ET_P","ET_B28_vs_ET_P13",3.57798146733303e-05,"ET_P",0.8929,1,3.25516206223163e-06,"1.40233671901265e-06","3.1537076939978e-05",0.000738543337391076
"Bifidobacterium_bifidum","Before ET_B_vs_ET_P","ET_B28_vs_ET_P13",0.176505866288993,"ET_P",0.9643,1,3.25707434464499e-06,"3.16911297783459e-06","8.41869294802978e-06",0.46973335383361
"Acidaminococcus_fermentans","Before ET_B_vs_ET_P","ET_B28_vs_ET_P13",0.310804070658409,"ET_B",0.9643,1,3.30574380685666e-06,"3.40523290766194e-06","2.15183200982617e-06",0.674771995508388
"Fusobacterium_mortiferum","Before ET_B_vs_ET_P","ET_B28_vs_ET_P13",0.347538543347314,"ET_B",0.8929,0.8462,3.32308637055036e-06,"3.72222427307075e-06","1.88164323320079e-06",0.718262453007809
"Haemophilus_influenzae","Before ET_B_vs_ET_P","ET_B28_vs_ET_P13",0.15079372527759,"ET_P",1,1,3.37408329114131e-06,"2.61287545836059e-06","1.01037461996886e-05",0.466927758047729
"Haemophilus_haemolyticus","Before ET_B_vs_ET_P","ET_B28_vs_ET_P13",0.169791912017356,"ET_P",0.9643,0.9231,3.87876588499197e-06,"2.9837303963851e-06","1.00015053838113e-05",0.466927758047729
"Streptococcus_australis","Before ET_B_vs_ET_P","ET_B28_vs_ET_P13",0.429544694436273,"ET_P",1,1,4.50954408212322e-06,"3.24530820821409e-06","7.96345539522866e-06",0.778844775626209
"Dialister_invisus","Before ET_B_vs_ET_P","ET_B28_vs_ET_P13",0.159035822589364,"ET_P",1,1,4.56683569128011e-06,"3.36500668807018e-06","3.48020701965051e-05",0.466927758047729
"Citrobacter_koseri","Before ET_B_vs_ET_P","ET_B28_vs_ET_P13",0.857390396689518,"ET_B",1,0.9231,4.5733065749695e-06,"4.78544647302536e-06","4.23612451018509e-06",0.94194783432012
"Streptococcus_infantis","Before ET_B_vs_ET_P","ET_B28_vs_ET_P13",0.589397754687143,"ET_P",1,1,4.57382483312548e-06,"3.07717910204316e-06","6.61607849010516e-06",0.865787960246995
"Prevotella_tannerae","Before ET_B_vs_ET_P","ET_B28_vs_ET_P13",0.608675172052433,"ET_P",1,1,4.5771925056576e-06,"4.51632757934025e-06","4.68147408753673e-06",0.865787960246995
"Salmonella_enterica","Before ET_B_vs_ET_P","ET_B28_vs_ET_P13",0.708855486821511,"ET_B",1,1,4.82628192893536e-06,"4.87080249818127e-06","4.031622000612e-06",0.906675622678677
"Eubacterium_limosum","Before ET_B_vs_ET_P","ET_B28_vs_ET_P13",0.0579219914345479,"ET_B",1,1,5.11746282746247e-06,"7.26586274838187e-06","3.38812167045093e-06",0.23892821466751
"Streptococcus_vestibularis","Before ET_B_vs_ET_P","ET_B28_vs_ET_P13",0.608675172052433,"ET_P",1,1,5.17864966322364e-06,"4.73947013371194e-06","6.6908981922309e-06",0.865787960246995
"Lactobacillus_ruminis","Before ET_B_vs_ET_P","ET_B28_vs_ET_P13",0.3822997261971,"ET_P",1,1,5.61979043620319e-06,"5.19152473226044e-06","6.64573382602186e-06",0.742111233206135
"unclassified_Lachnospiraceae_bacterium_2_1_46FAA","Before ET_B_vs_ET_P","ET_B28_vs_ET_P13",0.0579219914345479,"ET_B",1,1,6.10460973042428e-06,"7.25667495441305e-06","3.38381512734173e-06",0.23892821466751
"Burkholderia_pseudomallei","Before ET_B_vs_ET_P","ET_B28_vs_ET_P13",0.26241028441173,"ET_B",0.9643,0.9231,6.55709283599453e-06,"7.1218826719079e-06","6.33340722063995e-06",0.646234282506499
"Enterobacter_cloacae","Before ET_B_vs_ET_P","ET_B28_vs_ET_P13",0.966926844578101,"ET_P",1,1,6.58549905116615e-06,"5.61376542147277e-06","8.06686637806718e-06",0.978790977640409
"Streptococcus_thermophilus","Before ET_B_vs_ET_P","ET_B28_vs_ET_P13",0.668072053576503,"ET_P",1,1,7.10782103671865e-06,"6.90253636283713e-06","7.24694094514385e-06",0.896194218212382
"Veillonella_atypica","Before ET_B_vs_ET_P","ET_B28_vs_ET_P13",0.879151312032112,"ET_B",1,1,7.22419461915346e-06,"8.46387589283727e-06","2.99440950357269e-06",0.94194783432012
"Anaerostipes_caccae","Before ET_B_vs_ET_P","ET_B28_vs_ET_P13",0.0285735385995796,"ET_B",1,1,7.23972727806608e-06,"7.72700980976223e-06","5.03866528261709e-06",0.162573581687263
"unclassified_Citrobacter_sp._30_2","Before ET_B_vs_ET_P","ET_B28_vs_ET_P13",0.814199204072008,"ET_B",1,1,7.95965650363407e-06,"8.89222343401886e-06","5.35485955743318e-06",0.94194783432012
"Eggerthella_lenta","Before ET_B_vs_ET_P","ET_B28_vs_ET_P13",0.000756485597886478,"ET_B",1,1,8.94069487723539e-06,"1.30005825898146e-05","5.25696360196404e-06",0.00734236021478052
"Tannerella_forsythia","Before ET_B_vs_ET_P","ET_B28_vs_ET_P13",0.205255048622275,"ET_B",1,1,9.08985226688936e-06,"1.20264113634244e-05","5.93324163565031e-06",0.537572746391673
"Ruminococcus_albus","Before ET_B_vs_ET_P","ET_B28_vs_ET_P13",0.533278938866074,"ET_P",0.9643,1,9.24812136762186e-06,"7.31900980083071e-06","9.91125157116306e-06",0.838009761075259
"Akkermansia_muciniphila","Before ET_B_vs_ET_P","ET_B28_vs_ET_P13",0.338300704957898,"ET_P",1,1,9.89943473562186e-06,"6.8354790033889e-06","9.16768360526431e-05",0.715636106641707
"Streptococcus_parasanguinis","Before ET_B_vs_ET_P","ET_B28_vs_ET_P13",0.429544694436273,"ET_P",1,1,1.08043587495737e-05,"1.04071449688626e-05","1.29735207095154e-05",0.778844775626209
"Prevotella_buccalis","Before ET_B_vs_ET_P","ET_B28_vs_ET_P13",0.708855486821511,"ET_P",1,1,1.09229930159214e-05,"1.08079457772778e-05","1.65981843729521e-05",0.906675622678677
"unclassified_Lachnospiraceae_bacterium_4_1_37FAA","Before ET_B_vs_ET_P","ET_B28_vs_ET_P13",0.0331475217284473,"ET_B",1,1,1.11977056836964e-05,"1.39930592816514e-05","5.95996611463705e-06",0.173022853577396
"Veillonella_dispar","Before ET_B_vs_ET_P","ET_B28_vs_ET_P13",0.792799768093627,"ET_B",1,1,1.1201342515101e-05,"1.61470119957793e-05","5.7302945242103e-06",0.94194783432012
"Oxalobacter_formigenes","Before ET_B_vs_ET_P","ET_B28_vs_ET_P13",0.814199204072008,"ET_P",1,1,1.18281887099228e-05,"8.57621270271472e-06","3.12283727276412e-05",0.94194783432012
"Lachnospiraceae_oral_taxon_107","Before ET_B_vs_ET_P","ET_B28_vs_ET_P13",0.835734554898376,"ET_B",1,1,1.33727760065757e-05,"1.34121304505615e-05","1.33727760065757e-05",0.94194783432012
"Sutterella_wadsworthensis","Before ET_B_vs_ET_P","ET_B28_vs_ET_P13",1,"ET_B",1,1,1.40450772192648e-05,"1.41466847948254e-05","9.14074109503086e-06",1
"Marvinbryantia_formatexigens","Before ET_B_vs_ET_P","ET_B28_vs_ET_P13",0.479924686546591,"ET_P",1,1,1.45091009536601e-05,"1.39755305940034e-05","1.88500962313224e-05",0.816366734847294
"Clostridium_ramosum","Before ET_B_vs_ET_P","ET_B28_vs_ET_P13",4.92362224927384e-05,"ET_B",1,1,1.46667864857185e-05,"2.64293560556972e-05","7.36758208544672e-06",0.000738543337391076
"Campylobacter_jejuni","Before ET_B_vs_ET_P","ET_B28_vs_ET_P13",0.0660223603026429,"ET_B",1,1,1.55544981470802e-05,"1.75348328879748e-05","1.02050110428109e-05",0.265699742681368
"unclassified_Lachnospiraceae_bacterium_9_1_43BFAA","Before ET_B_vs_ET_P","ET_B28_vs_ET_P13",0.0108134958162009,"ET_B",1,1,1.56670378916088e-05,"2.37018455318972e-05","9.42410679758081e-06",0.0811012186215068
"Eubacterium_cylindroides","Before ET_B_vs_ET_P","ET_B28_vs_ET_P13",0.497388298719041,"ET_B",1,1,1.62602542721872e-05,"1.92695129940988e-05","1.43951029388746e-05",0.828980497865068
"unclassified_Clostridium_sp._HGF2","Before ET_B_vs_ET_P","ET_B28_vs_ET_P13",0.0209948944852359,"ET_B",1,1,1.66905893743494e-05,"1.93789371377798e-05","8.27718218906924e-06",0.133236830387074
"Phascolarctobacterium_succinatutens","Before ET_B_vs_ET_P","ET_B28_vs_ET_P13",0.814199204072008,"ET_B",1,1,1.89382808573416e-05,"1.90229636737074e-05","1.49727567234547e-05",0.94194783432012
"unclassified_Clostridium_sp._D5","Before ET_B_vs_ET_P","ET_B28_vs_ET_P13",0.445996626203043,"ET_P",1,1,1.91191606412198e-05,"1.76248138359739e-05","2.845080015399e-05",0.79128433681185
"unclassified_Veillonella_sp._oral_taxon_158","Before ET_B_vs_ET_P","ET_B28_vs_ET_P13",0.879151312032112,"ET_B",1,1,1.95388783189413e-05,"2.2151877907598e-05","1.24192855681083e-05",0.94194783432012
"Bacteroides_helcogenes","Before ET_B_vs_ET_P","ET_B28_vs_ET_P13",0.000463299013762049,"ET_B",1,1,2.13896091927244e-05,"2.87064366539615e-05","6.29849409193275e-06",0.00477777107942113
"Eubacterium_dolichum","Before ET_B_vs_ET_P","ET_B28_vs_ET_P13",0.708855486821511,"ET_P",1,1,2.20366154070753e-05,"2.16132447041366e-05","2.20366154070753e-05",0.906675622678677
"Clostridium_scindens","Before ET_B_vs_ET_P","ET_B28_vs_ET_P13",0.0798462082260806,"ET_B",1,1,2.27133949424847e-05,"2.57061467912815e-05","1.65184745586993e-05",0.306386612960542
"Prevotella_buccae","Before ET_B_vs_ET_P","ET_B28_vs_ET_P13",0.176505866288993,"ET_P",1,1,2.55346485994639e-05,"1.6537950376831e-05","9.05501909699372e-05",0.46973335383361
"Ruminococcus_champanellensis","Before ET_B_vs_ET_P","ET_B28_vs_ET_P13",0.107854366642484,"ET_P",1,1,2.56195051895269e-05,"2.12920918105798e-05","3.61525982369758e-05",0.370749385333539
"Enterococcus_faecalis","Before ET_B_vs_ET_P","ET_B28_vs_ET_P13",0.570399226011073,"ET_P",1,1,2.5896159209346e-05,"2.46860778292766e-05","2.66008806878743e-05",0.865787960246995
"Collinsella_aerofaciens","Before ET_B_vs_ET_P","ET_B28_vs_ET_P13",0.272330189493004,"ET_P",1,1,2.61041860450303e-05,"1.15348861137533e-05","3.0995272728338e-05",0.651224366178923
"Prevotella_oris","Before ET_B_vs_ET_P","ET_B28_vs_ET_P13",0.688353475444303,"ET_P",1,1,2.69411452433372e-05,"2.29167430136038e-05","3.20246258372326e-05",0.906675622678677
"Eubacterium_biforme","Before ET_B_vs_ET_P","ET_B28_vs_ET_P13",0.0139738650939649,"ET_P",1,1,2.7496725907041e-05,"2.28036143714996e-05","5.56353844012007e-05",0.0960703225210087
"Clostridium_methylpentosum","Before ET_B_vs_ET_P","ET_B28_vs_ET_P13",0.310804070658409,"ET_P",1,1,2.78052564232522e-05,"2.19472024020562e-05","4.29696774654515e-05",0.674771995508388
"Streptococcus_dysgalactiae","Before ET_B_vs_ET_P","ET_B28_vs_ET_P13",0.944905346142325,"ET_B",1,1,2.81011550200176e-05,"2.95040182042016e-05","2.47680741598489e-05",0.978790977640409
"Veillonella_parvula","Before ET_B_vs_ET_P","ET_B28_vs_ET_P13",0.533278938866074,"ET_B",1,1,3.7945115244504e-05,"4.64303842864122e-05","3.7945115244504e-05",0.838009761075259
"Bifidobacterium_adolescentis","Before ET_B_vs_ET_P","ET_B28_vs_ET_P13",0.352601567840197,"ET_P",1,1,3.86842363502965e-05,"3.35193506975567e-05","0.000112780864698651",0.718262453007809
"unclassified_Lachnospiraceae_bacterium_1_4_56FAA","Before ET_B_vs_ET_P","ET_B28_vs_ET_P13",0.0164941614361994,"ET_B",1,1,3.99627440834379e-05,"5.21950740982595e-05","3.32320813478616e-05",0.108861465478916
"Prevotella_timonensis","Before ET_B_vs_ET_P","ET_B28_vs_ET_P13",0.0356531940704938,"ET_B",1,1,4.06988038981797e-05,"6.21860262777382e-05","2.56174503557852e-05",0.173022853577396
"unclassified_Erysipelotrichaceae_bacterium_3_1_53","Before ET_B_vs_ET_P","ET_B28_vs_ET_P13",0.879151312032112,"ET_B",1,1,4.64769697916089e-05,"4.68259858481462e-05","4.1020677171038e-05",0.94194783432012
"unclassified_Coprobacillus_sp._29_1","Before ET_B_vs_ET_P","ET_B28_vs_ET_P13",0.879151312032112,"ET_P",1,1,4.70035475692538e-05,"4.45448743795386e-05","6.24430131665899e-05",0.94194783432012
"unclassified_Erysipelotrichaceae_bacterium_5_2_54FAA","Before ET_B_vs_ET_P","ET_B28_vs_ET_P13",0.857390396689518,"ET_B",1,1,5.03677903970748e-05,"5.38232727327132e-05","4.81613495706628e-05",0.94194783432012
"Subdoligranulum_variabile","Before ET_B_vs_ET_P","ET_B28_vs_ET_P13",0.310804070658409,"ET_P",1,1,5.42239397252969e-05,"4.15101714674933e-05","6.6151176351156e-05",0.674771995508388
"Enterococcus_faecium","Before ET_B_vs_ET_P","ET_B28_vs_ET_P13",0.0441267028652082,"ET_P",1,1,5.43170332472973e-05,"4.3624745790502e-05","7.42142824083781e-05",0.202247388132204
"Bifidobacterium_longum","Before ET_B_vs_ET_P","ET_B28_vs_ET_P13",0.570399226011073,"ET_B",1,1,5.58072935055995e-05,"6.01242479838521e-05","3.99920822576195e-05",0.865787960246995
"Pseudoflavonifractor_capillosus","Before ET_B_vs_ET_P","ET_B28_vs_ET_P13",0.750468066643498,"ET_P",1,1,5.69673888461042e-05,"4.64746417765111e-05","6.37424815500347e-05",0.94194783432012
"unclassified_Clostridiales_bacterium_1_7_47FAA","Before ET_B_vs_ET_P","ET_B28_vs_ET_P13",0.00232726006188545,"ET_B",1,1,6.42155239222192e-05,"7.0207803299434e-05","3.31514699849516e-05",0.02133321723395
"Prevotella_disiens","Before ET_B_vs_ET_P","ET_B28_vs_ET_P13",0.310804070658409,"ET_B",1,1,7.18058175661295e-05,"8.45870134286423e-05","6.44106289463971e-05",0.674771995508388
"Clostridium_leptum","Before ET_B_vs_ET_P","ET_B28_vs_ET_P13",0.771551116478816,"ET_P",1,1,7.81846557069525e-05,"7.79201018719299e-05","8.2137238916319e-05",0.94194783432012
"Coprococcus_eutactus","Before ET_B_vs_ET_P","ET_B28_vs_ET_P13",0.0331475217284473,"ET_P",1,1,8.37154985794673e-05,"5.19632544658194e-05","0.000218977463668796",0.173022853577396
"Eubacterium_hallii","Before ET_B_vs_ET_P","ET_B28_vs_ET_P13",0.857390396689518,"ET_B",1,1,8.90397322029262e-05,"9.13922291952579e-05","6.617547132273e-05",0.94194783432012
"Streptococcus_salivarius","Before ET_B_vs_ET_P","ET_B28_vs_ET_P13",0.462791900749742,"ET_P",1,1,8.9859666718148e-05,"7.87359118536309e-05","0.00010617802502026",0.80379645919692
"Prevotella_bivia","Before ET_B_vs_ET_P","ET_B28_vs_ET_P13",5.18783222798701e-06,"ET_P",1,1,9.06000176433466e-05,"2.45897866769326e-05","0.000569172725144539",0.000285330772539286
"Butyrivibrio_crossotus","Before ET_B_vs_ET_P","ET_B28_vs_ET_P13",0.668072053576503,"ET_B",1,1,9.06041598666725e-05,"9.3046421679666e-05","9.06041598666725e-05",0.896194218212382
"Blautia_hydrogenotrophica","Before ET_B_vs_ET_P","ET_B28_vs_ET_P13",0.688353475444303,"ET_P",1,1,9.68538465648931e-05,"9.41530246564883e-05","9.68538465648931e-05",0.906675622678677
"Eubacterium_siraeum","Before ET_B_vs_ET_P","ET_B28_vs_ET_P13",0.792799768093627,"ET_B",1,1,9.97777758842245e-05,"9.99517255589243e-05","9.18851912851981e-05",0.94194783432012
"unclassified_Ruminococcaceae_bacterium_D16","Before ET_B_vs_ET_P","ET_B28_vs_ET_P13",0.589397754687143,"ET_P",1,1,0.000109577672475267,"0.000106129641279483","0.000109577672475267",0.865787960246995
"Haemophilus_parainfluenzae","Before ET_B_vs_ET_P","ET_B28_vs_ET_P13",0.159035822589364,"ET_P",1,1,0.000110454947555499,"6.75262357075631e-05","0.000301032484917829",0.466927758047729
"unclassified_Lachnospiraceae_bacterium_3_1_57FAA_CT1","Before ET_B_vs_ET_P","ET_B28_vs_ET_P13",0.0356531940704938,"ET_B",1,1,0.000112213770489239,"0.000156270128583323","6.47043797386716e-05",0.173022853577396
"Clostridium_bolteae","Before ET_B_vs_ET_P","ET_B28_vs_ET_P13",3.58545551728812e-05,"ET_B",1,1,0.00012939699912531,"0.000252652589572519","6.7686911994803e-05",0.000738543337391076
"Clostridium_symbiosum","Before ET_B_vs_ET_P","ET_B28_vs_ET_P13",0.479924686546591,"ET_B",1,1,0.000146276378361883,"0.000149092007728638","0.000146276378361883",0.816366734847294
"unclassified_Capnocytophaga_sp._oral_taxon_329","Before ET_B_vs_ET_P","ET_B28_vs_ET_P13",0.814199204072008,"ET_P",1,1,0.000153031213829474,"0.000148889134669063","0.000545940804783031",0.94194783432012
"Dorea_longicatena","Before ET_B_vs_ET_P","ET_B28_vs_ET_P13",0.00906681257992006,"ET_P",1,1,0.000159092610640575,"0.000112367291608997","0.000380794069961351",0.0712392416993719
"Coprococcus_catus","Before ET_B_vs_ET_P","ET_B28_vs_ET_P13",0.966926844578101,"ET_P",1,1,0.000160157572286863,"0.00013809549376446","0.000160157572286863",0.978790977640409
"Ruminococcus_lactaris","Before ET_B_vs_ET_P","ET_B28_vs_ET_P13",0.397691829866735,"ET_P",1,1,0.000181335586744372,"0.000124242093021563","0.000229986638371421",0.754243125609325
"Holdemania_filiformis","Before ET_B_vs_ET_P","ET_B28_vs_ET_P13",0.167604691470247,"ET_B",1,1,0.000204491180158763,"0.000250374239299648","0.000110865034248271",0.466927758047729
"Blautia_hansenii","Before ET_B_vs_ET_P","ET_B28_vs_ET_P13",0.0579219914345479,"ET_B",1,1,0.000219938264946707,"0.000265802481153434","0.000148386368530513",0.23892821466751
"Anaerotruncus_colihominis","Before ET_B_vs_ET_P","ET_B28_vs_ET_P13",0.413441559455308,"ET_B",1,1,0.000228711634726835,"0.000236271969088687","0.000175937196585844",0.775202923978703
"Dorea_formicigenerans","Before ET_B_vs_ET_P","ET_B28_vs_ET_P13",0.901001400087008,"ET_P",1,1,0.000230168749236659,"0.000212859050793993","0.000239334263962506",0.959130522673267
"Coprococcus_comes","Before ET_B_vs_ET_P","ET_B28_vs_ET_P13",0.608675172052433,"ET_P",1,1,0.000265739762951741,"0.000227525870438381","0.000270361038523956",0.865787960246995
"Paraprevotella_xylaniphila","Before ET_B_vs_ET_P","ET_B28_vs_ET_P13",7.78959166780819e-05,"ET_P",1,1,0.000267061261693836,"0.000137584061467603","0.000992297065327163",0.000988678942452578
"Bacteroides_fluxus","Before ET_B_vs_ET_P","ET_B28_vs_ET_P13",1.8943164216798e-06,"ET_B",1,1,0.000274396227222085,"0.000330240669639756","9.46784337114024e-05",0.000156281104788583
"Bacteroides_salanitronis","Before ET_B_vs_ET_P","ET_B28_vs_ET_P13",0.0139738650939649,"ET_B",1,1,0.000288779438459327,"0.000309915805643088","0.000141891446795067",0.0960703225210087
"Clostridium_saccharolyticum","Before ET_B_vs_ET_P","ET_B28_vs_ET_P13",0.497388298719041,"ET_P",1,1,0.000309993705127866,"0.00028883962235591","0.000317688188450162",0.828980497865068
"Eubacterium_ventriosum","Before ET_B_vs_ET_P","ET_B28_vs_ET_P13",0.608675172052433,"ET_B",1,1,0.000334421768213077,"0.00035303514471356","0.000219184539324869",0.865787960246995
"Prevotella_copri","Before ET_B_vs_ET_P","ET_B28_vs_ET_P13",3.40520658220348e-09,"ET_P",1,1,0.000350523424949557,"0.000127131974589045","0.16489281936875",5.61859086063574e-07
"Bacteroides_clarus","Before ET_B_vs_ET_P","ET_B28_vs_ET_P13",7.57136332864337e-06,"ET_B",1,1,0.00035890126386304,"0.000629050319744288","0.000173390995949058",0.000312318737306539
"Roseburia_hominis","Before ET_B_vs_ET_P","ET_B28_vs_ET_P13",0.628220946938053,"ET_B",1,1,0.000359070962323091,"0.000389011799684098","0.000190922200011095",0.878444544447277
"unclassified_Alistipes_sp._HGB5","Before ET_B_vs_ET_P","ET_B28_vs_ET_P13",0.814199204072008,"ET_P",1,1,0.000575149684769839,"0.000557479899930614","0.000693726756077938",0.94194783432012
"Ruminococcus_bromii","Before ET_B_vs_ET_P","ET_B28_vs_ET_P13",0.792799768093627,"ET_P",1,1,0.000600140331982437,"0.000550003563338255","0.00078109790524053",0.94194783432012
"unclassified_Ruminococcus_sp._5_1_39BFAA","Before ET_B_vs_ET_P","ET_B28_vs_ET_P13",0.114268549968985,"ET_B",1,1,0.000732767808401583,"0.00108980266769986","0.000627891971085609",0.37708621489765
"Parasutterella_excrementihominis","Before ET_B_vs_ET_P","ET_B28_vs_ET_P13",0.272330189493004,"ET_B",1,1,0.000828091938299593,"0.000912005921378708","0.000651102424338437",0.651224366178923
"Bacteroides_coprophilus","Before ET_B_vs_ET_P","ET_B28_vs_ET_P13",0.857390396689518,"ET_B",1,1,0.000905045983185736,"0.000976298678386894","0.000905045983185736",0.94194783432012
"Bacteroides_plebeius","Before ET_B_vs_ET_P","ET_B28_vs_ET_P13",0.324367865452315,"ET_P",1,1,0.00119866066266252,"0.00110575879522224","0.00195413951507101",0.695073997397818
"Roseburia_inulinivorans","Before ET_B_vs_ET_P","ET_B28_vs_ET_P13",0.533278938866074,"ET_B",1,1,0.00121108645725142,"0.00155971600862844","0.00115455063617677",0.838009761075259
"Bacteroides_eggerthii","Before ET_B_vs_ET_P","ET_B28_vs_ET_P13",0.000139437988224473,"ET_B",1,1,0.0012946906390079,"0.00204929681114436","0.000638057347786696",0.00164337628978843
"Eubacterium_eligens","Before ET_B_vs_ET_P","ET_B28_vs_ET_P13",0.29760998288886,"ET_P",1,1,0.00132189836693047,"0.000693110620540548","0.00160282921103906",0.674771995508388
"Roseburia_intestinalis","Before ET_B_vs_ET_P","ET_B28_vs_ET_P13",0.310804070658409,"ET_B",1,1,0.001489413658278,"0.00154975359229897","0.00131815024574166",0.674771995508388
"Bacteroides_intestinalis","Before ET_B_vs_ET_P","ET_B28_vs_ET_P13",0.0264921211726236,"ET_B",1,1,0.0016288272726495,"0.00191079834503422","0.000813574689378732",0.156114285481532
"Bilophila_wadsworthia","Before ET_B_vs_ET_P","ET_B28_vs_ET_P13",0.0579219914345479,"ET_B",1,1,0.00174210592186429,"0.00250690328170514","0.0010360786940928",0.23892821466751
"Escherichia_coli","Before ET_B_vs_ET_P","ET_B28_vs_ET_P13",0.533278938866074,"ET_B",1,1,0.00179952450114028,"0.00202030614119041","0.0017164503877949",0.838009761075259
"Alistipes_shahii","Before ET_B_vs_ET_P","ET_B28_vs_ET_P13",0.944905346142325,"ET_B",1,1,0.00181452126630638,"0.00202179507491647","0.00130814462093822",0.978790977640409
"Bacteroides_finegoldii","Before ET_B_vs_ET_P","ET_B28_vs_ET_P13",0.00258482659606363,"ET_B",1,1,0.00203931276765482,"0.0027662898073117","0.00106653375071285",0.0224471783342368
"Bacteroides_coprocola","Before ET_B_vs_ET_P","ET_B28_vs_ET_P13",0.367268636286432,"ET_B",1,1,0.00208992000589321,"0.00225839303970439","0.00127993821996401",0.730112349244112
"Bacteroides_fragilis","Before ET_B_vs_ET_P","ET_B28_vs_ET_P13",1.84620085267326e-05,"ET_B",1,1,0.0026884863599803,"0.00439354564745864","0.00131181008959227",0.000609246281382176
"Eubacterium_rectale","Before ET_B_vs_ET_P","ET_B28_vs_ET_P13",0.3822997261971,"ET_B",1,1,0.00272499214477963,"0.00324450353813686","0.00117698603214316",0.742111233206135
"Odoribacter_splanchnicus","Before ET_B_vs_ET_P","ET_B28_vs_ET_P13",0.835734554898376,"ET_P",1,1,0.00286527723304898,"0.00276073397978258","0.00356784902159038",0.94194783432012
"Bacteroides_caccae","Before ET_B_vs_ET_P","ET_B28_vs_ET_P13",0.090266471353703,"ET_B",1,1,0.00306933944161309,"0.00396705165832023","0.00162350507955774",0.330977061630244
"Parabacteroides_merdae","Before ET_B_vs_ET_P","ET_B28_vs_ET_P13",0.515175681338534,"ET_B",1,1,0.00436753669575559,"0.0047424603119027","0.00400803970796871",0.838009761075259
"Faecalibacterium_prausnitzii","Before ET_B_vs_ET_P","ET_B28_vs_ET_P13",0.515175681338534,"ET_B",1,1,0.00745458080667933,"0.00803610325631672","0.00667319494639995",0.838009761075259
"Bacteroides_thetaiotaomicron","Before ET_B_vs_ET_P","ET_B28_vs_ET_P13",5.7497140154278e-05,"ET_B",1,1,0.00782357238243133,"0.00906980535089526","0.00304389921373107",0.000790585677121323
"Bacteroides_stercoris","Before ET_B_vs_ET_P","ET_B28_vs_ET_P13",0.0798462082260806,"ET_B",1,1,0.00889185734680412,"0.0234636636058949","0.00492666859462306",0.306386612960542
"Bacteroides_xylanisolvens","Before ET_B_vs_ET_P","ET_B28_vs_ET_P13",4.20644034030736e-05,"ET_B",1,1,0.00953528717153435,"0.0125535865487463","0.00323928944525782",0.000738543337391076
"Bacteroides_ovatus","Before ET_B_vs_ET_P","ET_B28_vs_ET_P13",0.0264921211726236,"ET_B",1,1,0.0101695696122662,"0.0152751270723695","0.00953866580534309",0.156114285481532
"Alistipes_putredinis","Before ET_B_vs_ET_P","ET_B28_vs_ET_P13",0.397691829866735,"ET_B",1,1,0.0123884607733769,"0.0166211105083767","0.0117682480415656",0.754243125609325
"Parabacteroides_distasonis","Before ET_B_vs_ET_P","ET_B28_vs_ET_P13",0.000408229785900882,"ET_B",1,1,0.0136549750926715,"0.0153810163333895","0.00723999527783871",0.0044905276449097
"Bacteroides_uniformis","Before ET_B_vs_ET_P","ET_B28_vs_ET_P13",4.20644034030736e-05,"ET_B",1,1,0.0260402134761384,"0.0477562492403262","0.00696667554116939",0.000738543337391076
"Bacteroides_dorei","Before ET_B_vs_ET_P","ET_B28_vs_ET_P13",4.92362224927384e-05,"ET_B",1,1,0.0468444845076815,"0.054255416887673","0.0104350956219861",0.000738543337391076
"Fusobacterium_mortiferum","After ET_B_vs_ET_P","ET_B28_vs_ET_P13",0.0319417675457354,"ET_B",0.9286,0.7692,7.19591286254556e-07,"3.71440101571796e-06","1.96925077525915e-07",0.142443017433685
"Turicibacter_sanguinis","After ET_B_vs_ET_P","ET_B28_vs_ET_P13",0.362119738803212,"ET_P",0.8571,0.9231,9.75399041917879e-07,"8.04755173204645e-07","1.17463559311357e-06",0.616546461163696
"unclassified_Streptococcus_sp._C150","After ET_B_vs_ET_P","ET_B28_vs_ET_P13",0.708855486821511,"ET_P",1,0.9231,1.14133670721116e-06,"1.08216131466217e-06","1.39429088090789e-06",0.890843388461706
"unclassified_Clostridium_sp._7_2_43FAA","After ET_B_vs_ET_P","ET_B28_vs_ET_P13",0.424394310410236,"ET_P",0.8571,1,1.19492601494598e-06,"1.13082588650766e-06","1.22339403993243e-06",0.679854963278533
"Treponema_vincentii","After ET_B_vs_ET_P","ET_B28_vs_ET_P13",0.445996626203043,"ET_P",1,1,1.30113103348332e-06,"1.14108640744956e-06","1.72191953989551e-06",0.70085184117621
"Mitsuokella_multacida","After ET_B_vs_ET_P","ET_B28_vs_ET_P13",0.167604691470247,"ET_P",1,1,1.33768479707186e-06,"9.90237542949791e-07","2.24865730635869e-06",0.400793827428852
"Campylobacter_hominis","After ET_B_vs_ET_P","ET_B28_vs_ET_P13",0.340073775312475,"ET_B",0.8929,0.7692,1.35141254089552e-06,"1.69659661543888e-06","1.35141254089552e-06",0.590654451858509
"Megasphaera_micronuciformis","After ET_B_vs_ET_P","ET_B28_vs_ET_P13",0.0164941614361994,"ET_B",1,1,1.38746461601779e-06,"1.7919495300833e-06","9.69477961491334e-07",0.0971977370347465
"Streptococcus_anginosus","After ET_B_vs_ET_P","ET_B28_vs_ET_P13",0.0849308580408445,"ET_B",1,1,1.42947956596999e-06,"1.72661222379583e-06","8.49373072471139e-07",0.250242706727488
"Streptococcus_mitis","After ET_B_vs_ET_P","ET_B28_vs_ET_P13",1,"ET_B",1,1,1.50372709389561e-06,"1.53576036666446e-06","1.4920208314252e-06",1
"Bacteroides_coprosuis","After ET_B_vs_ET_P","ET_B28_vs_ET_P13",1,"ET_P",0.9643,0.9231,1.53297811990766e-06,"1.29460796555989e-06","2.1384619003442e-06",1
"Bifidobacterium_animalis","After ET_B_vs_ET_P","ET_B28_vs_ET_P13",0.0441267028652082,"ET_B",1,1,1.5783648164447e-06,"2.07537394603728e-06","7.91743154962082e-07",0.177583072506326
"Acidaminococcus_intestini","After ET_B_vs_ET_P","ET_B28_vs_ET_P13",0.988813615093449,"ET_B",0.8929,0.8462,1.5924149476588e-06,"1.68842295010537e-06","1.29826327940223e-06",1
"Desulfovibrio_piger","After ET_B_vs_ET_P","ET_B28_vs_ET_P13",0.519309825897432,"ET_B",0.9643,0.9231,1.60918378106477e-06,"1.61297676564139e-06","1.60918378106477e-06",0.771851095727212
"Clostridiales_genomosp._BVAB3","After ET_B_vs_ET_P","ET_B28_vs_ET_P13",0.391667182908997,"ET_P",0.75,1,1.61738049113285e-06,"1.09838844612676e-06","1.90533700331085e-06",0.646250851799845
"Streptococcus_sanguinis","After ET_B_vs_ET_P","ET_B28_vs_ET_P13",0.533278938866074,"ET_P",1,1,1.638947993834e-06,"1.57985255694155e-06","1.638947993834e-06",0.771851095727212
"Granulicatella_adiacens","After ET_B_vs_ET_P","ET_B28_vs_ET_P13",0.272330189493004,"ET_P",1,1,1.68823801524242e-06,"1.19237177313044e-06","2.30885133243569e-06",0.528640956074655
"Bifidobacterium_dentium","After ET_B_vs_ET_P","ET_B28_vs_ET_P13",0.202376357779798,"ET_B",0.9286,1,1.72995372598567e-06,"2.33906151280017e-06","3.81836836195839e-07",0.445227987115556
"unclassified_Fusobacterium","After ET_B_vs_ET_P","ET_B28_vs_ET_P13",0.0307898304704055,"ET_B",1,1,1.78919506629901e-06,"1.9972710053897e-06","5.81300574952377e-07",0.141120056322692
"Gemella_sanguinis","After ET_B_vs_ET_P","ET_B28_vs_ET_P13",0.142872404895753,"ET_P",1,1,1.80578428288203e-06,"1.71009238631194e-06","2.42715355760492e-06",0.362676104735373
"Bifidobacterium_breve","After ET_B_vs_ET_P","ET_B28_vs_ET_P13",0.0264921211726236,"ET_B",1,1,1.82572597790828e-06,"2.49745636806808e-06","5.42798450855331e-07",0.13659999979634
"Streptococcus_pyogenes","After ET_B_vs_ET_P","ET_B28_vs_ET_P13",0.708855486821511,"ET_P",1,1,1.86138328905014e-06,"1.82582633246661e-06","2.18528296615228e-06",0.890843388461706
"Mobiluncus_curtisii","After ET_B_vs_ET_P","ET_B28_vs_ET_P13",0.36245458625987,"ET_B",0.9286,0.9231,1.92151039996179e-06,"1.96916731744654e-06","1.04321485921107e-06",0.616546461163696
"unclassified_Streptococcus_sp._oral_taxon_071","After ET_B_vs_ET_P","ET_B28_vs_ET_P13",0.608675172052433,"ET_P",1,1,1.93914574125366e-06,"1.86384214289194e-06","2.09995790589926e-06",0.836928361572095
"Eubacterium_saburreum","After ET_B_vs_ET_P","ET_B28_vs_ET_P13",0.0506433406852727,"ET_B",0.9643,1,1.93934592860589e-06,"2.92464547477983e-06","1.27585951303928e-06",0.185692249179333
"Haemophilus_pittmaniae","After ET_B_vs_ET_P","ET_B28_vs_ET_P13",0.726137269191516,"ET_B",0.8929,1,1.97459671191915e-06,"2.10350883116395e-06","1.97459671191915e-06",0.890843388461706
"Aggregatibacter_segnis","After ET_B_vs_ET_P","ET_B28_vs_ET_P13",0.966477400182537,"ET_B",0.9286,1,2.06002908294448e-06,"2.15916611307672e-06","1.97838776369632e-06",0.996679818938241
"Oribacterium_sinus","After ET_B_vs_ET_P","ET_B28_vs_ET_P13",0.215535351289476,"ET_B",1,1,2.16180406063954e-06,"2.26937834358678e-06","1.55859253155459e-06",0.455940166189276
"Clostridium_spiroforme","After ET_B_vs_ET_P","ET_B28_vs_ET_P13",0.114268549968985,"ET_B",1,1,2.25098858557961e-06,"2.76242790062047e-06","1.41176190615791e-06",0.304101786207783
"Clostridium_perfringens","After ET_B_vs_ET_P","ET_B28_vs_ET_P13",0.324367865452315,"ET_P",1,1,2.37879722322196e-06,"2.20329696933913e-06","3.9458764026445e-06",0.569369125528
"Ruminococcus_flavefaciens","After ET_B_vs_ET_P","ET_B28_vs_ET_P13",0.0344005763917415,"ET_P",0.9286,1,2.38402495550293e-06,"1.64624931278891e-06","5.52458669278743e-06",0.145540900118906
"Klebsiella_pneumoniae","After ET_B_vs_ET_P","ET_B28_vs_ET_P13",0.192633416223368,"ET_P",0.9286,1,2.40967446271949e-06,"1.94385713978341e-06","3.89697325981238e-06",0.435524714465004
"Porphyromonas_asaccharolytica","After ET_B_vs_ET_P","ET_B28_vs_ET_P13",0.0383136722115772,"ET_B",1,1,2.48904703817535e-06,"3.15988022461628e-06","1.72296741106725e-06",0.158043897872756
"Bifidobacterium_bifidum","After ET_B_vs_ET_P","ET_B28_vs_ET_P13",0.857390396689518,"ET_P",1,0.9231,2.61016932771644e-06,"1.99898555445583e-06","3.66627493379066e-06",0.959130522673267
"Peptostreptococcus_anaerobius","After ET_B_vs_ET_P","ET_B28_vs_ET_P13",0.047293441808898,"ET_B",1,1,2.64303927673874e-06,"2.92688663694134e-06","1.38208626598077e-06",0.185692249179333
"Enterobacter_aerogenes","After ET_B_vs_ET_P","ET_B28_vs_ET_P13",0.127967347242529,"ET_P",1,1,2.80034771653943e-06,"2.0078028574856e-06","4.11994996516894e-06",0.329915817109645
"Streptococcus_suis","After ET_B_vs_ET_P","ET_B28_vs_ET_P13",0.628220946938053,"ET_P",0.9643,1,2.90300630022448e-06,"2.40374453364775e-06","4.74497036931438e-06",0.842735416624217
"Acidaminococcus_fermentans","After ET_B_vs_ET_P","ET_B28_vs_ET_P13",0.0506433406852727,"ET_B",1,1,3.37163585329781e-06,"3.76721852918244e-06","1.03333835979382e-06",0.185692249179333
"Streptococcus_gallolyticus","After ET_B_vs_ET_P","ET_B28_vs_ET_P13",0.0285735385995796,"ET_B",1,1,3.43931772298001e-06,"3.98188251784106e-06","2.31272832963619e-06",0.141120056322692
"Streptococcus_pneumoniae","After ET_B_vs_ET_P","ET_B28_vs_ET_P13",0.988972859820228,"ET_P",1,1,3.45418611100423e-06,"3.43100732828967e-06","3.47125196018364e-06",1
"Prevotella_bergensis","After ET_B_vs_ET_P","ET_B28_vs_ET_P13",5.80609730704143e-05,"ET_P",0.9286,1,3.75216248224973e-06,"9.90071822747134e-07","3.00128942754145e-05",0.00214213770864725
"unclassified_Clostridium_sp._SY8519","After ET_B_vs_ET_P","ET_B28_vs_ET_P13",0.497388298719041,"ET_B",1,1,3.82685266803107e-06,"3.95145524650491e-06","3.11576745390851e-06",0.759898789709646
"Haemophilus_influenzae","After ET_B_vs_ET_P","ET_B28_vs_ET_P13",0.528270690858418,"ET_P",0.8571,1,3.96200657069853e-06,"3.28258488864744e-06","4.07447108939448e-06",0.771851095727212
"Haemophilus_haemolyticus","After ET_B_vs_ET_P","ET_B28_vs_ET_P13",0.440949690304864,"ET_P",0.8929,1,4.53773956560944e-06,"2.63391210796859e-06","5.34224283100826e-06",0.69958364327214
"Citrobacter_koseri","After ET_B_vs_ET_P","ET_B28_vs_ET_P13",0.570399226011073,"ET_P",1,1,4.67773208895432e-06,"3.98514556008192e-06","4.99958938827296e-06",0.811343726653681
"Streptococcus_infantis","After ET_B_vs_ET_P","ET_B28_vs_ET_P13",0.814199204072008,"ET_P",1,1,4.75800296222554e-06,"3.78159107687418e-06","5.6691412761434e-06",0.926502542564699
"Prevotella_tannerae","After ET_B_vs_ET_P","ET_B28_vs_ET_P13",0.628220946938053,"ET_B",1,1,4.76168992412982e-06,"5.09312206878429e-06","4.59233226509263e-06",0.842735416624217
"Klebsiella_oxytoca","After ET_B_vs_ET_P","ET_B28_vs_ET_P13",0.0750050085481014,"ET_P",0.9643,1,4.92021768511025e-06,"2.99975141438352e-06","9.5923720336127e-06",0.233506158687485
"Lactobacillus_ruminis","After ET_B_vs_ET_P","ET_B28_vs_ET_P13",0.176505866288993,"ET_B",1,1,5.03838552403673e-06,"5.29318982719451e-06","4.51974858454514e-06",0.416049541966912
"Streptococcus_vestibularis","After ET_B_vs_ET_P","ET_B28_vs_ET_P13",0.944905346142325,"ET_P",1,1,5.18423353387584e-06,"5.07771640993607e-06","5.23798604081896e-06",0.98056215165713
"Dialister_invisus","After ET_B_vs_ET_P","ET_B28_vs_ET_P13",0.195326235578244,"ET_P",1,1,6.42782261411524e-06,"3.39806056943605e-06","2.51223164692376e-05",0.435524714465004
"Salmonella_enterica","After ET_B_vs_ET_P","ET_B28_vs_ET_P13",0.988972859820229,"ET_P",1,1,6.47464468812723e-06,"6.31884592251883e-06","7.5909408246396e-06",1
"Veillonella_atypica","After ET_B_vs_ET_P","ET_B28_vs_ET_P13",0.879151312032112,"ET_B",1,1,6.70882560399614e-06,"6.73726095999344e-06","5.99678435596544e-06",0.959130522673267
"Veillonella_dispar","After ET_B_vs_ET_P","ET_B28_vs_ET_P13",0.901001400087008,"ET_B",1,1,6.71175922003867e-06,"7.0096019054098e-06","6.71175922003867e-06",0.959130522673267
"Eubacterium_limosum","After ET_B_vs_ET_P","ET_B28_vs_ET_P13",0.0151894658417928,"ET_B",1,1,7.39827103977861e-06,"8.45516046906213e-06","4.1608656006943e-06",0.0963946870729158
"Streptococcus_australis","After ET_B_vs_ET_P","ET_B28_vs_ET_P13",0.15079372527759,"ET_P",1,1,7.506124696373e-06,"4.29499778682874e-06","1.01028613595915e-05",0.371357681653766
"unclassified_Lachnospiraceae_bacterium_2_1_46FAA","After ET_B_vs_ET_P","ET_B28_vs_ET_P13",0.00572655747559995,"ET_B",1,1,7.69286634078979e-06,"1.03058775616264e-05","4.67170320763037e-06",0.0497306307091575
"Streptococcus_thermophilus","After ET_B_vs_ET_P","ET_B28_vs_ET_P13",0.750468066643498,"ET_B",1,1,7.70746866906995e-06,"1.01716742715801e-05","6.11306309278095e-06",0.890843388461706
"Burkholderia_pseudomallei","After ET_B_vs_ET_P","ET_B28_vs_ET_P13",0.260242876949711,"ET_B",1,1,7.96651161554833e-06,"8.09050509733897e-06","3.74685504953655e-06",0.511191365436932
"Ruminococcus_albus","After ET_B_vs_ET_P","ET_B28_vs_ET_P13",0.310804070658409,"ET_P",1,1,8.64245711153153e-06,"7.6659986881848e-06","1.57180026516277e-05",0.56354584240261
"Anaerostipes_caccae","After ET_B_vs_ET_P","ET_B28_vs_ET_P13",0.0660223603026429,"ET_B",1,1,8.812289961595e-06,"1.02567156265081e-05","6.37070236625726e-06",0.217873788998722
"Streptococcus_parasanguinis","After ET_B_vs_ET_P","ET_B28_vs_ET_P13",0.708855486821511,"ET_P",1,1,8.91343675787934e-06,"7.26817833141075e-06","9.86504312356964e-06",0.890843388461706
"Tannerella_forsythia","After ET_B_vs_ET_P","ET_B28_vs_ET_P13",0.248522085860018,"ET_B",1,1,9.18242399169962e-06,"1.43042664154952e-05","6.52108493099387e-06",0.494049929721723
"unclassified_Lachnospiraceae_bacterium_4_1_37FAA","After ET_B_vs_ET_P","ET_B28_vs_ET_P13",0.00756959035108291,"ET_B",1,1,1.17337752517947e-05,"2.04522775579444e-05","6.03154970626158e-06",0.062449120396434
"Clostridium_ramosum","After ET_B_vs_ET_P","ET_B28_vs_ET_P13",0.0139738650939649,"ET_B",1,1,1.19855171094963e-05,"1.72901954795783e-05","8.70574562002532e-06",0.0963946870729158
"Lachnospiraceae_oral_taxon_107","After ET_B_vs_ET_P","ET_B28_vs_ET_P13",0.901001400087008,"ET_P",1,1,1.19991572936841e-05,"1.19498600812873e-05","1.2151657754175e-05",0.959130522673267
"Prevotella_buccalis","After ET_B_vs_ET_P","ET_B28_vs_ET_P13",0.729564827493177,"ET_P",1,1,1.32094578399105e-05,"1.24338721621635e-05","1.32094578399105e-05",0.890843388461706
"Enterobacter_cloacae","After ET_B_vs_ET_P","ET_B28_vs_ET_P13",0.0164941614361994,"ET_P",1,1,1.33870668421252e-05,"6.1157769735862e-06","6.05948319370423e-05",0.0971977370347465
"Oxalobacter_formigenes","After ET_B_vs_ET_P","ET_B28_vs_ET_P13",0.688353475444303,"ET_P",1,1,1.3456199675769e-05,"1.21774547513799e-05","1.71343251923644e-05",0.890843388461706
"Prevotella_buccae","After ET_B_vs_ET_P","ET_B28_vs_ET_P13",0.0849308580408445,"ET_P",1,1,1.37741870871948e-05,"1.1681633079773e-05","7.97916148304399e-05",0.250242706727488
"unclassified_Veillonella_sp._oral_taxon_158","After ET_B_vs_ET_P","ET_B28_vs_ET_P13",0.533278938866074,"ET_P",1,1,1.52622835502768e-05,"1.30339973029557e-05","1.56641041723715e-05",0.771851095727212
"Eggerthella_lenta","After ET_B_vs_ET_P","ET_B28_vs_ET_P13",7.78959166780819e-05,"ET_B",1,1,1.59262504331173e-05,"2.80773559504293e-05","4.44179072433524e-06",0.00214213770864725
"unclassified_Lachnospiraceae_bacterium_9_1_43BFAA","After ET_B_vs_ET_P","ET_B28_vs_ET_P13",0.00388456659333115,"ET_B",1,1,1.61103284982773e-05,"2.03930621787092e-05","1.05568464500426e-05",0.0377031463470376
"Bacteroides_helcogenes","After ET_B_vs_ET_P","ET_B28_vs_ET_P13",0.00135006679392166,"ET_B",1,1,1.63766112530351e-05,"2.84809384889006e-05","9.95213145100348e-06",0.0171354631536211
"Bifidobacterium_adolescentis","After ET_B_vs_ET_P","ET_B28_vs_ET_P13",0.901001400087008,"ET_B",1,1,1.64173607657197e-05,"3.18916650274019e-05","9.99264184519174e-06",0.959130522673267
"unclassified_Clostridium_sp._HGF2","After ET_B_vs_ET_P","ET_B28_vs_ET_P13",0.000408229785900882,"ET_B",1,1,1.67028403554691e-05,"2.07649865057157e-05","8.55529334637829e-06",0.00955554215884226
"Sutterella_wadsworthensis","After ET_B_vs_ET_P","ET_B28_vs_ET_P13",0.792799768093627,"ET_B",1,1,1.73623563784519e-05,"1.86777085599276e-05","1.38833198688453e-05",0.921210998136961
"Veillonella_parvula","After ET_B_vs_ET_P","ET_B28_vs_ET_P13",0.750468066643498,"ET_P",1,1,1.87046129714804e-05,"1.52482109386686e-05","2.50673569202238e-05",0.890843388461706
"Collinsella_aerofaciens","After ET_B_vs_ET_P","ET_B28_vs_ET_P13",0.551689816059344,"ET_B",1,1,1.96907737112737e-05,"2.44520581753095e-05","1.83889981807336e-05",0.79155495347645
"Akkermansia_muciniphila","After ET_B_vs_ET_P","ET_B28_vs_ET_P13",0.29760998288886,"ET_P",1,1,2.03301673502664e-05,"1.48067352280532e-05","0.000376430610002168",0.558018717916613
"Eubacterium_cylindroides","After ET_B_vs_ET_P","ET_B28_vs_ET_P13",0.284785500668511,"ET_B",1,1,2.04749247771398e-05,"2.18053788655581e-05","1.69430528485385e-05",0.546390786166329
"Marvinbryantia_formatexigens","After ET_B_vs_ET_P","ET_B28_vs_ET_P13",0.729564827493177,"ET_B",1,1,2.06782115144527e-05,"2.20372363301914e-05","2.06782115144527e-05",0.890843388461706
"Campylobacter_jejuni","After ET_B_vs_ET_P","ET_B28_vs_ET_P13",0.0245393004641894,"ET_B",1,1,2.07774680804533e-05,"2.6236506941304e-05","1.18095574561656e-05",0.130612405696492
"Phascolarctobacterium_succinatutens","After ET_B_vs_ET_P","ET_B28_vs_ET_P13",0.324367865452315,"ET_P",1,1,2.34455257485014e-05,"2.3272923972095e-05","3.05082226006018e-05",0.569369125528
"Eubacterium_dolichum","After ET_B_vs_ET_P","ET_B28_vs_ET_P13",0.589397754687143,"ET_B",1,1,2.37332465406918e-05,"2.44537937352728e-05","2.06043142628314e-05",0.824157877316768
"Enterococcus_faecalis","After ET_B_vs_ET_P","ET_B28_vs_ET_P13",0.215535351289476,"ET_B",1,1,2.49267013433568e-05,"2.82771696019163e-05","2.13192538625667e-05",0.455940166189276
"Prevotella_oris","After ET_B_vs_ET_P","ET_B28_vs_ET_P13",0.750468066643498,"ET_P",1,1,2.65191388983166e-05,"2.6403396946897e-05","2.69287679017042e-05",0.890843388461706
"Eubacterium_biforme","After ET_B_vs_ET_P","ET_B28_vs_ET_P13",0.159035822589364,"ET_P",1,1,2.66439563659873e-05,"2.36145145320889e-05","3.95847545058164e-05",0.385895745988898
"Ruminococcus_champanellensis","After ET_B_vs_ET_P","ET_B28_vs_ET_P13",0.0660223603026429,"ET_P",1,1,2.72128468702583e-05,"2.01701216435458e-05","3.33132316833508e-05",0.217873788998722
"Clostridium_scindens","After ET_B_vs_ET_P","ET_B28_vs_ET_P13",0.0227088738904875,"ET_B",1,1,2.74450068539352e-05,"3.09106470988701e-05","1.58517349409273e-05",0.124898806397681
"unclassified_Clostridium_sp._D5","After ET_B_vs_ET_P","ET_B28_vs_ET_P13",0.944905346142325,"ET_B",1,1,2.83036493520206e-05,"2.89179269818114e-05","2.63166022549328e-05",0.98056215165713
"Streptococcus_dysgalactiae","After ET_B_vs_ET_P","ET_B28_vs_ET_P13",0.310804070658409,"ET_B",1,1,3.13632989077043e-05,"3.36129788856867e-05","2.61960498377147e-05",0.56354584240261
"unclassified_Citrobacter_sp._30_2","After ET_B_vs_ET_P","ET_B28_vs_ET_P13",0.195326235578244,"ET_P",1,1,3.3426780580869e-05,"3.13086777744469e-05","5.14082688547523e-05",0.435524714465004
"Prevotella_timonensis","After ET_B_vs_ET_P","ET_B28_vs_ET_P13",0.226171100883924,"ET_B",1,1,3.68364847089225e-05,"4.40286395418252e-05","3.06658805740743e-05",0.460718909207993
"Clostridium_methylpentosum","After ET_B_vs_ET_P","ET_B28_vs_ET_P13",0.248522085860018,"ET_P",1,1,3.97866693555494e-05,"2.88289683367027e-05","5.59945975309507e-05",0.494049929721723
"unclassified_Lachnospiraceae_bacterium_1_4_56FAA","After ET_B_vs_ET_P","ET_B28_vs_ET_P13",0.0117905268828245,"ET_B",1,1,4.37764870582159e-05,"5.1824975798219e-05","2.84075594727464e-05",0.0926398540793354
"unclassified_Coprobacillus_sp._29_1","After ET_B_vs_ET_P","ET_B28_vs_ET_P13",0.0618656755923389,"ET_B",1,1,5.27437241285279e-05,"6.64303774069239e-05","3.11091328241579e-05",0.212663259848665
"Subdoligranulum_variabile","After ET_B_vs_ET_P","ET_B28_vs_ET_P13",0.879151312032112,"ET_B",1,1,5.52607658776293e-05,"5.57097906122672e-05","5.52607658776293e-05",0.959130522673267
"unclassified_Clostridiales_bacterium_1_7_47FAA","After ET_B_vs_ET_P","ET_B28_vs_ET_P13",0.00286726748328348,"ET_B",1,1,5.78709955229185e-05,"8.42520063762319e-05","2.79533323905541e-05",0.0295686959213609
"Streptococcus_salivarius","After ET_B_vs_ET_P","ET_B28_vs_ET_P13",0.771551116478816,"ET_P",1,1,5.80960041393565e-05,"5.57026395797822e-05","6.70870517890428e-05",0.909328101564319
"Bifidobacterium_longum","After ET_B_vs_ET_P","ET_B28_vs_ET_P13",0.0307898304704055,"ET_B",1,1,5.90379240972879e-05,"7.91444747100275e-05","1.81659512551707e-05",0.141120056322692
"unclassified_Erysipelotrichaceae_bacterium_5_2_54FAA","After ET_B_vs_ET_P","ET_B28_vs_ET_P13",0.310804070658409,"ET_B",1,1,5.9235427120309e-05,"6.6761570883818e-05","4.42465099124291e-05",0.56354584240261
"Enterococcus_faecium","After ET_B_vs_ET_P","ET_B28_vs_ET_P13",0.0750050085481014,"ET_P",1,1,6.22458080504836e-05,"5.64432582192698e-05","0.000117663403934306",0.233506158687485
"Prevotella_disiens","After ET_B_vs_ET_P","ET_B28_vs_ET_P13",0.648023767474751,"ET_B",1,1,6.30805525642888e-05,"6.53171123024842e-05","6.08692658354326e-05",0.862289690591402
"Pseudoflavonifractor_capillosus","After ET_B_vs_ET_P","ET_B28_vs_ET_P13",0.814199204072008,"ET_P",1,1,6.35004126782718e-05,"6.31989787598784e-05","6.35004126782718e-05",0.926502542564699
"unclassified_Erysipelotrichaceae_bacterium_3_1_53","After ET_B_vs_ET_P","ET_B28_vs_ET_P13",0.668072053576503,"ET_B",1,1,6.61001009455614e-05,"6.61258151999429e-05","3.66634704894536e-05",0.874856260635897
"Coprococcus_eutactus","After ET_B_vs_ET_P","ET_B28_vs_ET_P13",0.0128424763534907,"ET_P",1,1,7.97862500966454e-05,"5.93579561143443e-05","0.000302739955937454",0.0963185726511803
"Blautia_hydrogenotrophica","After ET_B_vs_ET_P","ET_B28_vs_ET_P13",0.608675172052433,"ET_B",1,1,8.91948696044798e-05,"9.58861877860169e-05","8.91948696044798e-05",0.836928361572095
"Clostridium_leptum","After ET_B_vs_ET_P","ET_B28_vs_ET_P13",0.922924829140752,"ET_P",1,1,9.20034559876212e-05,"8.57270397933084e-05","0.00010766707547877",0.969952845912255
"Eubacterium_hallii","After ET_B_vs_ET_P","ET_B28_vs_ET_P13",0.185744748497787,"ET_B",1,1,0.000109431323491738,"0.000120721577098918","7.91176124236138e-05",0.431660331015984
"unclassified_Capnocytophaga_sp._oral_taxon_329","After ET_B_vs_ET_P","ET_B28_vs_ET_P13",0.668072053576503,"ET_P",1,1,0.000110007765133982,"0.000108052126666638","0.000789931996220524",0.874856260635897
"unclassified_Lachnospiraceae_bacterium_3_1_57FAA_CT1","After ET_B_vs_ET_P","ET_B28_vs_ET_P13",0.0798462082260806,"ET_B",1,1,0.000115842817689266,"0.000145166527402416","8.53690362767367e-05",0.243974525135246
"Prevotella_bivia","After ET_B_vs_ET_P","ET_B28_vs_ET_P13",5.7497140154278e-05,"ET_P",1,1,0.000117334190434928,"2.83947617240628e-05","0.000556711066307295",0.00214213770864725
"unclassified_Ruminococcaceae_bacterium_D16","After ET_B_vs_ET_P","ET_B28_vs_ET_P13",0.462791900749742,"ET_P",1,1,0.000117986946256177,"0.000116831621443207","0.000125386557906256",0.72038361909158
"Eubacterium_siraeum","After ET_B_vs_ET_P","ET_B28_vs_ET_P13",0.814199204072008,"ET_P",1,1,0.000120158909566937,"0.000118823328330177","0.000129578968123892",0.926502542564699
"Haemophilus_parainfluenzae","After ET_B_vs_ET_P","ET_B28_vs_ET_P13",0.397691829866735,"ET_P",1,1,0.000122354185674308,"0.000110021463367303","0.000152889581337157",0.649694573544666
"Butyrivibrio_crossotus","After ET_B_vs_ET_P","ET_B28_vs_ET_P13",0.922924829140752,"ET_P",1,1,0.00012988891173391,"0.000128599532798713","0.00012988891173391",0.969952845912255
"Clostridium_bolteae","After ET_B_vs_ET_P","ET_B28_vs_ET_P13",2.1877884756227e-05,"ET_B",1,1,0.000130801373717815,"0.000155997291790403","6.8330631358228e-05",0.00180492549238873
"Dorea_longicatena","After ET_B_vs_ET_P","ET_B28_vs_ET_P13",0.205255048622275,"ET_P",1,1,0.000143842936782832,"0.000140053572223217","0.000188644142427907",0.445619513456255
"Paraprevotella_xylaniphila","After ET_B_vs_ET_P","ET_B28_vs_ET_P13",6.69975530117396e-05,"ET_P",1,1,0.000166412471149206,"0.000114061665563427","0.0010695854213481",0.00214213770864725
"Ruminococcus_lactaris","After ET_B_vs_ET_P","ET_B28_vs_ET_P13",0.879151312032112,"ET_P",1,1,0.000172303461271592,"0.000171414141271492","0.00017357359786497",0.959130522673267
"Coprococcus_catus","After ET_B_vs_ET_P","ET_B28_vs_ET_P13",0.533278938866074,"ET_B",1,1,0.000176071582917791,"0.000179767763871591","0.000155171297047567",0.771851095727212
"Clostridium_symbiosum","After ET_B_vs_ET_P","ET_B28_vs_ET_P13",0.090266471353703,"ET_B",1,1,0.000195757192590508,"0.000204743545145599","0.000128228616432125",0.256792547816569
"Holdemania_filiformis","After ET_B_vs_ET_P","ET_B28_vs_ET_P13",0.29760998288886,"ET_B",1,1,0.000202154236304473,"0.000222125279580951","0.000130456840442748",0.558018717916613
"Bacteroides_fluxus","After ET_B_vs_ET_P","ET_B28_vs_ET_P13",0.000593857925823427,"ET_B",1,1,0.000218865615439014,"0.000339875001173088","0.000159480180490577",0.00979865577608655
"Anaerotruncus_colihominis","After ET_B_vs_ET_P","ET_B28_vs_ET_P13",0.15079372527759,"ET_B",1,1,0.000219543357259593,"0.00025049701385002","0.000150872957233533",0.371357681653766
"Bacteroides_salanitronis","After ET_B_vs_ET_P","ET_B28_vs_ET_P13",0.090266471353703,"ET_B",1,1,0.000225459710766171,"0.000264255700238695","0.000196080707174149",0.256792547816569
"Blautia_hansenii","After ET_B_vs_ET_P","ET_B28_vs_ET_P13",0.0703995783364471,"ET_B",1,1,0.000270301171569151,"0.000282977568100458","0.000235193315569995",0.227763341676741
"Clostridium_saccharolyticum","After ET_B_vs_ET_P","ET_B28_vs_ET_P13",0.413441559455308,"ET_B",1,1,0.000272471193120905,"0.000354654152426449","0.000212869841798785",0.668802522648292
"Dorea_formicigenerans","After ET_B_vs_ET_P","ET_B28_vs_ET_P13",0.0506433406852727,"ET_B",1,1,0.000302440377735562,"0.000308252031645273","0.000174086335531173",0.185692249179333
"Coprococcus_comes","After ET_B_vs_ET_P","ET_B28_vs_ET_P13",0.3822997261971,"ET_B",1,1,0.000318901017950637,"0.000358582206071987","0.000177656723517431",0.6371662103285
"Bacteroides_clarus","After ET_B_vs_ET_P","ET_B28_vs_ET_P13",0.00150946337896574,"ET_B",1,1,0.000343033201296341,"0.000566753584628719","0.000178374164654939",0.0177901041092391
"Prevotella_copri","After ET_B_vs_ET_P","ET_B28_vs_ET_P13",2.99544672347833e-07,"ET_P",1,1,0.000395206010214399,"0.00014852462162983","0.212096631621003",4.94248709373924e-05
"Eubacterium_ventriosum","After ET_B_vs_ET_P","ET_B28_vs_ET_P13",0.0958606523314749,"ET_B",1,1,0.000413191381725412,"0.000661242363139529","0.000205783182841646",0.263616793911556
"Roseburia_hominis","After ET_B_vs_ET_P","ET_B28_vs_ET_P13",0.750468066643498,"ET_B",1,1,0.000433741123710558,"0.000439488262618581","0.000419498850133467",0.890843388461706
"unclassified_Alistipes_sp._HGB5","After ET_B_vs_ET_P","ET_B28_vs_ET_P13",0.879151312032112,"ET_P",1,1,0.000628869873472233,"0.000627588265766079","0.000685874715864303",0.959130522673267
"unclassified_Ruminococcus_sp._5_1_39BFAA","After ET_B_vs_ET_P","ET_B28_vs_ET_P13",0.0151894658417928,"ET_B",1,1,0.000766971757795025,"0.00121714930214765","0.000480164273098505",0.0963946870729158
"Bacteroides_coprophilus","After ET_B_vs_ET_P","ET_B28_vs_ET_P13",0.324367865452315,"ET_P",1,1,0.000853992162681491,"0.000746513585727475","0.000922905619718534",0.569369125528
"Ruminococcus_bromii","After ET_B_vs_ET_P","ET_B28_vs_ET_P13",0.226171100883924,"ET_B",1,1,0.00101301104496128,"0.00160124980731459","0.00017624331986722",0.460718909207993
"Eubacterium_eligens","After ET_B_vs_ET_P","ET_B28_vs_ET_P13",0.127967347242529,"ET_P",1,1,0.00104348297760086,"0.000868695859060431","0.00176852821993777",0.329915817109645
"Bacteroides_eggerthii","After ET_B_vs_ET_P","ET_B28_vs_ET_P13",0.0193915006393309,"ET_B",1,1,0.00115210042886794,"0.00157197854920884","0.000733774198183557",0.110330951913434
"Roseburia_intestinalis","After ET_B_vs_ET_P","ET_B28_vs_ET_P13",0.729564827493177,"ET_B",1,1,0.00115673585852736,"0.00120880418631562","0.00110961097455435",0.890843388461706
"Bacteroides_plebeius","After ET_B_vs_ET_P","ET_B28_vs_ET_P13",0.835734554898376,"ET_P",1,1,0.00125563802195176,"0.00117745989470362","0.00312929318279778",0.944494531220767
"Parasutterella_excrementihominis","After ET_B_vs_ET_P","ET_B28_vs_ET_P13",0.367268636286432,"ET_B",1,1,0.00128648115370428,"0.00149205985880097","0.00128648115370428",0.618360459053687
"Bacteroides_finegoldii","After ET_B_vs_ET_P","ET_B28_vs_ET_P13",0.0331475217284473,"ET_B",1,1,0.00156693932039403,"0.00175082284140926","0.00107417777035133",0.143930028557732
"Bilophila_wadsworthia","After ET_B_vs_ET_P","ET_B28_vs_ET_P13",0.0307898304704055,"ET_B",1,1,0.00160471258510145,"0.00241850915134145","0.00105362547424996",0.141120056322692
"Roseburia_inulinivorans","After ET_B_vs_ET_P","ET_B28_vs_ET_P13",0.497388298719041,"ET_B",1,1,0.00161782195389115,"0.00184906916898461","0.00125947914946665",0.759898789709646
"Bacteroides_coprocola","After ET_B_vs_ET_P","ET_B28_vs_ET_P13",0.589397754687143,"ET_P",1,1,0.00185491058679499,"0.00181435746420892","0.00287639823010176",0.824157877316768
"Escherichia_coli","After ET_B_vs_ET_P","ET_B28_vs_ET_P13",0.0618656755923389,"ET_B",1,1,0.00200583192383157,"0.00331629727109947","0.000835812263439885",0.212663259848665
"Bacteroides_intestinalis","After ET_B_vs_ET_P","ET_B28_vs_ET_P13",0.515175681338534,"ET_B",1,1,0.00221536516209148,"0.00227705068787604","0.00113202641164192",0.771851095727212
"Alistipes_shahii","After ET_B_vs_ET_P","ET_B28_vs_ET_P13",0.792799768093627,"ET_B",1,1,0.00232632570318911,"0.00234963485498046","0.00232632570318911",0.921210998136961
"Bacteroides_fragilis","After ET_B_vs_ET_P","ET_B28_vs_ET_P13",0.00107549216092046,"ET_B",1,1,0.00293828626845773,"0.00384348238435334","0.00170106140785537",0.0147880172126563
"Bacteroides_caccae","After ET_B_vs_ET_P","ET_B28_vs_ET_P13",0.0541836932198176,"ET_B",1,1,0.00324177028717951,"0.004546228450446","0.00187783724516571",0.194354551766737
"Odoribacter_splanchnicus","After ET_B_vs_ET_P","ET_B28_vs_ET_P13",0.729564827493177,"ET_B",1,1,0.0033033253243855,"0.00371526064583629","0.00330072758330503",0.890843388461706
"Eubacterium_rectale","After ET_B_vs_ET_P","ET_B28_vs_ET_P13",0.101720800034036,"ET_B",1,1,0.00347494110944547,"0.00470958080838332","0.00183556368699446",0.275146426321573
"Parabacteroides_merdae","After ET_B_vs_ET_P","ET_B28_vs_ET_P13",0.226171100883924,"ET_B",1,1,0.00384800471108911,"0.00526752432170417","0.0028663250776",0.460718909207993
"Bacteroides_stercoris","After ET_B_vs_ET_P","ET_B28_vs_ET_P13",0.0958606523314749,"ET_B",1,1,0.00700140100343645,"0.0159982473362253","0.00544124065572105",0.263616793911556
"Bacteroides_xylanisolvens","After ET_B_vs_ET_P","ET_B28_vs_ET_P13",0.00572655747559995,"ET_B",1,1,0.00772720500346592,"0.0101704053187371","0.00384969499544707",0.0497306307091575
"Bacteroides_thetaiotaomicron","After ET_B_vs_ET_P","ET_B28_vs_ET_P13",0.00209265483569108,"ET_B",1,1,0.00839416493813288,"0.0100201337676238","0.00315995175179696",0.0230192031926019
"Alistipes_putredinis","After ET_B_vs_ET_P","ET_B28_vs_ET_P13",0.901001400087008,"ET_P",1,1,0.0102869705292133,"0.00951858518464677","0.0102869705292133",0.959130522673267
"Faecalibacterium_prausnitzii","After ET_B_vs_ET_P","ET_B28_vs_ET_P13",0.628220946938053,"ET_P",1,1,0.0105607924912426,"0.0102557833478078","0.0113271507102685",0.842735416624217
"Bacteroides_ovatus","After ET_B_vs_ET_P","ET_B28_vs_ET_P13",0.0151894658417928,"ET_B",1,1,0.0116351834158755,"0.0144951486810016","0.00728956477932193",0.0963946870729158
"Parabacteroides_distasonis","After ET_B_vs_ET_P","ET_B28_vs_ET_P13",0.000463299013762049,"ET_B",1,1,0.0133079486871155,"0.01671660921785","0.00625329557985734",0.00955554215884226
"Bacteroides_uniformis","After ET_B_vs_ET_P","ET_B28_vs_ET_P13",0.000524945057616084,"ET_B",1,1,0.0251433009163567,"0.0403776126906732","0.00779646788503722",0.00962399272296154
"Bacteroides_dorei","After ET_B_vs_ET_P","ET_B28_vs_ET_P13",0.000756485597886478,"ET_B",1,1,0.0356914755086623,"0.0456461836732094","0.0125560149791701",0.0113472839682972
